p_short,p_medium,summary,date,close,hesitation
0,0,"The oil market is currently facing mixed signals. On the bullish side, there's a decline in US crude inventories indicating strong demand, and continued attacks on Russian energy infrastructure are disrupting supply. However, these factors are offset by concerns about the end of the US summer driving season which could lead to a drop in demand and increased tariffs on Indian imports of Russian oil. Additionally, Russia has restarted oil supply to Hungary and Slovakia. Considering these opposing forces, a neutral outlook for both the short and medium term is appropriate.",2025-08-28T15:35:28.883747+00:00,0.7,1.0
-1,-1,"Based on the provided news items, the short-term and medium-term outlook for oil prices is negative. Several factors contribute to this assessment: rising oil production from OPEC+ and non-OPEC+ countries, concerns about a supply glut, and potential weakening demand due to the end of the US summer driving season. Geopolitical risks, such as the Russia-Ukraine conflict and US tariffs on India, add further uncertainty but are not expected to significantly offset the downward pressure on prices. Multiple sources indicate expectations of lower oil prices in the coming months. The Reuters poll suggests that analysts expect the price of Brent Crude to average $67.65 per barrel this year, with WTI Crude averaging $64.65 per barrel. Major investment banks also anticipate a slide in Brent and WTI prices in the fourth quarter of 2025 and the first quarter of 2026. Although there are some bullish factors that could lend to a potential buy, such as the potential for an over-corrected bearish sentiment, the overall sentiment of the data indicates that a sell is more appropriate.",2025-08-29T14:57:53.301533+00:00,-0.91,-1.0
-1,-1,"The oil market faces downward pressure due to rising production from OPEC+ and non-OPEC+ nations, coupled with concerns about demand. Specifically, the end of the US summer driving season is expected to contribute to decreased consumption. Geopolitical factors, such as the US imposing tariffs on India for purchasing Russian oil and the uncertainties surrounding a Russia-Ukraine peace deal, add further complexity to the market dynamics. Technical data on WTI and Brent futures show a stable but slightly decreasing tendency. Considering all, there is a Sell recommendation for both the short and medium term.",2025-08-29T16:02:10.703922+00:00,-0.91,-1.0
-1,-1,"WTI crude oil prices are expected to decline slightly in both the short and medium term. Several factors contribute to this outlook: rising output from OPEC+ and other producers, concerns about a potential supply glut, and uncertainties surrounding global demand due to trade policies and geopolitical tensions. While there are geopolitical risks that could provide some support, the overall sentiment points towards downward pressure on prices. The end of the U.S. summer driving season also contributes to the expectation of lower demand.",2025-08-29T21:18:30.628139+00:00,-0.91,-1.0
-1,-1,"WTI crude oil prices are expected to decrease slightly in the short and medium term. This forecast is based on the following factors: concerns about a looming supply glut due to rising output from OPEC+ and non-OPEC+ producers, the end of the peak summer demand season in the U.S., and uncertainties about demand stemming from U.S. trade policies. Geopolitical risks and potential disruptions to Russian supplies are providing some support, but the overall trend appears bearish.",2025-08-29T21:22:33.191436+00:00,-0.91,-1.0
-1,-1,"Several factors point to a slightly bearish outlook for WTI crude oil prices in both the short and medium term. News items indicate a potential supply glut due to rising output from OPEC+ and non-OPEC+ producers. Concerns about global demand, especially with the end of the U.S. summer driving season, and geopolitical uncertainties (tariffs on India, the Russia-Ukraine conflict) further contribute to the downward pressure. Recent data also shows U.S. oil production hitting a record high. While some news suggests a slight weekly gain, the overall sentiment leans towards prices remaining subdued around current levels or potentially decreasing.",2025-08-29T21:36:27.325177+00:00,-0.91,-1.0
-1,-1,"In the short term, WTI crude oil prices are likely to experience downward pressure due to concerns about a looming supply glut, rising output from OPEC+, and the end of the U.S. summer driving season. Geopolitical tensions and potential disruptions to Russian supplies provide some support, but are insufficient to offset the bearish factors. The medium-term outlook also suggests a downward trend, influenced by continued supply increases and uncertainties surrounding global demand, including potential impacts from tariffs and trade policies. Analysts' forecasts generally point to lower average prices in the coming quarters.",2025-08-29T21:45:49.915135+00:00,-0.91,-1.0
-1,0,"WTI crude oil prices have shown mixed performance recently. While there were gains in mid-August, the trend has been mostly negative for the rest of the month, including a slight decrease on the most recent day. Given this recent negative trend, a slight downward pressure is expected in the short term. Medium term is more uncertain as the data shows volatility with no clear trend.",2025-08-29T22:00:25.969874+00:00,-0.91,-1.0
-1,0,"Recent WTI crude oil prices have shown mixed signals. While there were some positive gains earlier in the month, the last few days have shown a slight decline. Overall, the trend seems slightly negative in the very short term and neutral in the medium term.",2025-08-29T22:02:41.000855+00:00,-0.91,-1.0
0,0,"The WTI crude oil price has shown mixed signals over the past few weeks, with no clear upward or downward trend. Recent daily changes fluctuate between positive and negative values, making it difficult to determine a consistent direction. Therefore, a neutral forecast is appropriate for both the short and medium term.",2025-08-30T12:40:55.057756+00:00,,
-1,0,"Recent WTI crude oil price data shows mixed signals. While there were several days of positive price movement earlier in August, the most recent day shows a negative price change. Overall, there is no clear trend. Therefore, the short-term forecast is slightly negative. The medium-term trend is neutral, given the mixed signals over the past month.",2025-08-31T11:33:37.610435+00:00,,
